Nom,Sex,nm,prenom
Mark Green,m,Mark,Green
Chukwudi Eze,m,Chukwudi,Eze
Babatunde Adewale,m,Babatunde,Adewale
Victoria Young,f,Victoria,Young
Fanta Camara,f,Fanta,Camara
Peyton Perez,f,Peyton,Perez
Adam Scott,m,Adam,Scott
Kyle Lewis,m,Kyle,Lewis
Ngozi Eze,f,Ngozi,Eze
Hudson Wilson,m,Hudson,Wilson
Anna Thompson,f,Anna,Thompson
Nneka Eze,f,Nneka,Eze
Musa Abubakar,m,Musa,Abubakar
Betty King,f,Betty,King
Philip Robinson,m,Philip,Robinson
Sharon Simmons,f,Sharon,Simmons
Idris Bello,m,Idris,Bello
Victoria Powell,f,Victoria,Powell
Kwesi Agyei,m,Kwesi,Agyei
Camila Washington,f,Camila,Washington
Adanna Nwachukwu,f,Adanna,Nwachukwu
Jabari Tetteh,m,Jabari,Tetteh
Mamadou Diallo,m,Mamadou,Diallo
Roger Hughes,m,Roger,Hughes
Chinelo Nwachukwu,f,Chinelo,Nwachukwu
Sylvia Jenkins,f,Sylvia,Jenkins
Samuel Alexander,m,Samuel,Alexander
Kwaku Boateng,m,Kwaku,Boateng
Jerry Coleman,m,Jerry,Coleman
Christopher Wilson,m,Christopher,Wilson
Fatimah Ibrahim,f,Fatimah,Ibrahim
Obinna Chukwu,m,Obinna,Chukwu
Julia Garcia,m,Julia,Garcia
Brandon Wright,m,Brandon,Wright
Abigail Mensah,f,Abigail,Mensah
Nabila Cissé,f,Nabila,Cissé
Kwadwo Keita,m,Kwadwo,Keita
Christian Adams,m,Christian,Adams
Julian Howard,m,Julian,Howard
Mohammed Maalouf,m,Mohammed,Maalouf
Aisha Ibrahim,f,Aisha,Ibrahim
Kwame Mensah,m,Kwame,Mensah
Kwaku Amponsah,m,Kwaku,Amponsah
Nneka Nwadike,f,Nneka,Nwadike
Jabari Nkrumah,m,Jabari,Nkrumah
Fatima Nkrumah,f,Fatima,Nkrumah
Emeka Nnamdi,m,Emeka,Nnamdi
Chinwe Okonkwo,m,Chinwe,Okonkwo
Mamoudou Keita,m,Mamoudou,Keita
Angela Lopez,f,Angela,Lopez
Isaac Clark,m,Isaac,Clark
Simba Moyo,m,Simba,Moyo
Daniel Phillips,m,Daniel,Phillips
Ruth Foster,f,Ruth,Foster
Emily Carter,f,Emily,Carter
Lily Morris,f,Lily,Morris
David Bell,m,David,Bell
Zoe Nelson,f,Zoe,Nelson
Sekou Diop,m,Sekou,Diop
Danielle Bailey,f,Danielle,Bailey
Sekou Toure,m,Sekou,Toure
Natalie Flores,f,Natalie,Flores
John Parker,m,John,Parker
Hazel Miller,f,Hazel,Miller
Saidi Jalloh,m,Saidi,Jalloh
Joseph White,m,Joseph,White
Amanda Lopez,f,Amanda,Lopez
Osei Bonsu,m,Osei,Bonsu
Chinwe Ogbonna,f,Chinwe,Ogbonna
Chinedu Okoro,m,Chinedu,Okoro
Alan Diaz,m,Alan,Diaz
Michelle Howard,f,Michelle,Howard
Luke Foster,m,Luke,Foster
Elijah Perez,m,Elijah,Perez
Julia Richardson,f,Julia,Richardson
Grace Edwards,f,Grace,Edwards
Kevin King,m,Kevin,King
Karen Harris,f,Karen,Harris
Nkosi Dlamini,m,Nkosi,Dlamini
Kwame Asante,m,Kwame,Asante
Owen Murphy,m,Owen,Murphy
Sebastian Wright,m,Sebastian,Wright
Gerald Wood,m,Gerald,Wood
Adama Ba,f,Adama,Ba
Jonathan Nelson,m,Jonathan,Nelson
Henry Thompson,m,Henry,Thompson
Wyatt Russell,m,Wyatt,Russell
William Hernandez,m,William,Hernandez
Fatima Keita,f,Fatima,Keita
Donna Mitchell,f,Donna,Mitchell
Steven James,m,Steven,James
Nabila Bah,f,Nabila,Bah
Aisha Kamau,f,Aisha,Kamau
Ngozi Nwadike,f,Ngozi,Nwadike
Grace Hughes,f,Grace,Hughes
Matthew Evans,m,Matthew,Evans
Obinna Onyeama,m,Obinna,Onyeama
Saidou Bah,m,Saidou,Bah
Aminata Touré,f,Aminata,Touré
Anna Mitchell,f,Anna,Mitchell
Monica Perez,f,Monica,Perez
Emeka Diop,m,Emeka,Diop
John Enrick,m,John,Enrick
Lindsay Young,f,Lindsay,Young
Leah Adams,f,Leah,Adams
Sanaa Oumar,f,Sanaa,Oumar
Brenda Sanchez,f,Brenda,Sanchez
Bella Hernandez,f,Bella,Hernandez
Trinity Harris,f,Trinity,Harris
Phillip Reed,m,Phillip,Reed
Binta Sow,f,Binta,Sow
Ayodele Akinwande,f,Ayodele,Akinwande
Joshua Allen,m,Joshua,Allen
Frances Coleman,f,Frances,Coleman
Jimmy Perry,m,Jimmy,Perry
Tunde Ogunjobi,m,Tunde,Ogunjobi
Lamidi Adekunle,m,Lamidi,Adekunle
Cody Davis,m,Cody,Davis
Mila King,f,Mila,King
Sibongile Zulu,f,Sibongile,Zulu
Fatoumata Diagne,f,Fatoumata,Diagne
Lisa Rodriguez,f,Lisa,Rodriguez
Joseph Richardson,m,Joseph,Richardson
Chloe Richardson,f,Chloe,Richardson
Scott Clark,m,Scott,Clark
William Moore,m,William,Moore
Edward Nelson,m,Edward,Nelson
Patrick Reed,m,Patrick,Reed
Jelani Jalloh,m,Jelani,Jalloh
Nicole Reed,f,Nicole,Reed
Alyssa Morris,f,Alyssa,Morris
Dorothy Adams,f,Dorothy,Adams
Billy Coleman,m,Billy,Coleman
Steven Collins,m,Steven,Collins
Uzoma Okoro,m,Uzoma,Okoro
Nadira Touré,f,Nadira,Touré
Charles Parker,m,Charles,Parker
Caroline Bailey,f,Caroline,Bailey
Aminata Cissé,f,Aminata,Cissé
Tunde Adeleke,m,Tunde,Adeleke
Brittany Price,f,Brittany,Price
Ashley Garcia,f,Ashley,Garcia
Hannah Washington,f,Hannah,Washington
Kwadwo Mensah,m,Kwadwo,Mensah
Femi Adekunle,m,Femi,Adekunle
Kevin Rivera,m,Kevin,Rivera
Ava Martinez,f,Ava,Martinez
Adrian Green,m,Adrian,Green
Russell Gonzalez,m,Russell,Gonzalez
Nancy Wright,f,Nancy,Wright
Brian Brooks,m,Brian,Brooks
Ronald Scott,m,Ronald,Scott
Kwasi Amoako,m,Kwasi,Amoako
Yaa Asante,f,Yaa,Asante
Jeremy Evans,m,Jeremy,Evans
Adiza Sow,f,Adiza,Sow
Christine Young,f,Christine,Young
Scarlett Price,f,Scarlett,Price
Ryan Cox,m,Ryan,Cox
Timothy Bennett,m,Timothy,Bennett
Brandon Green,m,Brandon,Green
Miranda Allen,f,Miranda,Allen
Andrew Turner,m,Andrew,Turner
Melissa Bailey,f,Melissa,Bailey
Cassandra Coleman,f,Cassandra,Coleman
John Jackson,m,John,Jackson
Alex Johnson,m,Alex,Johnson
Richard Martin,m,Richard,Martin
Jacob Rivera,m,Jacob,Rivera
Carter Richardson,m,Carter,Richardson
Nicholas Powell,m,Nicholas,Powell
Adjoa Boateng,f,Adjoa,Boateng
Kwesi Anang,m,Kwesi,Anang
Olivia Smith,f,Olivia,Smith
Robert Miller,m,Robert,Miller
Willie Price,m,Willie,Price
Caitlin Cox,f,Caitlin,Cox
Jumaane Diop,m,Jumaane,Diop
Fanta Bah,f,Fanta,Bah
Juan Diaz,m,Juan,Diaz
Kwabena Osei,m,Kwabena,Osei
Amina Azikiwe,f,Amina,Azikiwe
Brooklyn Sanchez,f,Brooklyn,Sanchez
Patricia Lopez,f,Patricia,Lopez
Nicole King,f,Nicole,King
Kwesi Bonsu,m,Kwesi,Bonsu
Margaret Scott,f,Margaret,Scott
Kwaku Amponsah,f,Kwaku,Amponsah
Jesse Murphy,m,Jesse,Murphy
Amy Jenkins,f,Amy,Jenkins
Sarah Davis,f,Sarah,Davis
Fatoumata Camara,f,Fatoumata,Camara
Bintou Traoré,f,Bintou,Traoré
Michael Phillips,m,Michael,Phillips
Caleb Ward,m,Caleb,Ward
George Cook,m,George,Cook
Ngozi Onyeama,f,Ngozi,Onyeama
Rebecca Rivera,f,Rebecca,Rivera
Christopher Gonzalez,m,Christopher,Gonzalez
Julie Nelson,f,Julie,Nelson
Fanta Diallo,f,Fanta,Diallo
Helen Russell,f,Helen,Russell
Fatimah Mohammed,f,Fatimah,Mohammed
Derek Nelson,m,Derek,Nelson
Harper King,f,Harper,King
Daniel Green,m,Daniel,Green
Michael Smith,m,Michael,Smith
Amara Sankoh,m,Amara,Sankoh
Bobby Howard,m,Bobby,Howard
William Perez,m,William,Perez
Anthony Hill,m,Anthony,Hill
Sara Henderson,f,Sara,Henderson
Aria Cox,f,Aria,Cox
Osei Mensah,m,Osei,Mensah
Omaru Sise,m,Omaru,Sise
Aisha Abubakar,f,Aisha,Abubakar
Oumar Camara,m,Oumar,Camara
Matthew Lee,m,Matthew,Lee
Christopher Stewart,m,Christopher,Stewart
Taylor Turner,f,Taylor,Turner
Emma Williams,f,Emma,Williams
Ashley Martinez,f,Ashley,Martinez
Rebecca Carter,f,Rebecca,Carter
Amaechi Okafor,f,Amaechi,Okafor
James Lee,m,James,Lee
Thomas Young,m,Thomas,Young
Alexis Scott,f,Alexis,Scott
Joshua Martinez,m,Joshua,Martinez
Yaa Nkrumah,f,Yaa,Nkrumah
Eli Baker,m,Eli,Baker
Christian Wright,m,Christian,Wright
Avery Murphy,f,Avery,Murphy
Michelle Campbell,f,Michelle,Campbell
Fatou Camara,f,Fatou,Camara
Jamila Kamara,f,Jamila,Kamara
Sadia Traoré,f,Sadia,Traoré
Madison Foster,f,Madison,Foster
Allison Ross,f,Allison,Ross
Kristen Coleman,f,Kristen,Coleman
Taylor Martinez,f,Taylor,Martinez
Kimberly Rivera,f,Kimberly,Rivera
Daniel Lewis,m,Daniel,Lewis
Heather Bailey,f,Heather,Bailey
James Wilson,m,James,Wilson
Matthew Anderson,m,Matthew,Anderson
Martha Diaz,f,Martha,Diaz
Liam Jones,m,Liam,Jones
Andrew Hernandez,m,Andrew,Hernandez
Jasmine Lopez,f,Jasmine,Lopez
Ryan Turner,m,Ryan,Turner
Samantha Barnes,f,Samantha,Barnes
Chiamaka Adewale,f,Chiamaka,Adewale
Kayla Russell,f,Kayla,Russell
Nneka Abubakar,f,Nneka,Abubakar
Melissa Hughes,f,Melissa,Hughes
Lindsey Flores,f,Lindsey,Flores
Jason Wood,m,Jason,Wood
Zara Nkrumah,f,Zara,Nkrumah
Olivia Turner,f,Olivia,Turner
Ayanda Dlamini,f,Ayanda,Dlamini
Abena Agyeman,f,Abena,Agyeman
Carol Ward,f,Carol,Ward
Maria Martinez,f,Maria,Martinez
Claire Taylor,f,Claire,Taylor
Jamila Abubakar,f,Jamila,Abubakar
Jessica Davis,f,Jessica,Davis
Wanda Parker,f,Wanda,Parker
David Jackson,m,David,Jackson
Wayne Carter,m,Wayne,Carter
Louis Rivera,m,Louis,Rivera
Cameron Cox,m,Cameron,Cox
Kofi Mensah,m,Kofi,Mensah
Yemi Adegbola,f,Yemi,Adegbola
Oluwaseun Adeyemi,m,Oluwaseun,Adeyemi
Peter Ramirez,m,Peter,Ramirez
Hunter Allen,m,Hunter,Allen
Fatoumata Diop,f,Fatoumata,Diop
Emilia Davis,f,Emilia,Davis
Babajide Adebayo,m,Babajide,Adebayo
Clarence Lee,m,Clarence,Lee
Jenna Ward,f,Jenna,Ward
Vanessa Foster,f,Vanessa,Foster
Anna Hall,f,Anna,Hall
Victoria Morris,f,Victoria,Morris
Robert Anderson,m,Robert,Anderson
Jennifer Thomas,f,Jennifer,Thomas
Emily Johnson,f,Emily,Johnson
Benjamin White,m,Benjamin,White
James Harris,m,James,Harris
Nadia Kamara,f,Nadia,Kamara
Timothy Martinez,m,Timothy,Martinez
Babajide Adewale,m,Babajide,Adewale
Tariq Ndlovu,m,Tariq,Ndlovu
Fatima Diallo,f,Fatima,Diallo
Mason Taylor,m,Mason,Taylor
Joan Morris,f,Joan,Morris
Nadia Diallo,f,Nadia,Diallo
Lauren White,f,Lauren,White
Sandra Baker,f,Sandra,Baker
Laura Kelly,f,Laura,Kelly
Willard Patterson,m,Willard,Patterson
Christina Walker,f,Christina,Walker
Philip Nelson,m,Philip,Nelson
Austin Richardson,m,Austin,Richardson
Christina Roberts,f,Christina,Roberts
Jessica Brown,f,Jessica,Brown
Zachary Hall,m,Zachary,Hall
Wendy Carter,f,Wendy,Carter
Mary Taylor,f,Mary,Taylor
Peter Hill,m,Peter,Hill
Tiffany Hill,f,Tiffany,Hill
Yaa Mohammed,f,Yaa,Mohammed
Cynthia Murphy,f,Cynthia,Murphy
Diane Coleman,f,Diane,Coleman
Babatunde Balogun,m,Babatunde,Balogun
Ashley Johnson,f,Ashley,Johnson
Theresa Sanders,f,Theresa,Sanders
Daniel Jones,m,Daniel,Jones
Justin Reed,m,Justin,Reed
Carolyn Cooper,f,Carolyn,Cooper
Roy Collins,m,Roy,Collins
Stephanie Turner,f,Stephanie,Turner
Charlotte Gonzalez,f,Charlotte,Gonzalez
Jason Torres,m,Jason,Torres
Janet Bryant,f,Janet,Bryant
Faith Coleman,f,Faith,Coleman
Stella Reed,f,Stella,Reed
Sophia Davis,f,Sophia,Davis
Vincent Lopez,m,Vincent,Lopez
Aminata Bello,f,Aminata,Bello
Marie Kelly,f,Marie,Kelly
Heather Martinez,f,Heather,Martinez
Barbara Thomas,f,Barbara,Thomas
Grayson Perez,m,Grayson,Perez
Sarah Taylor,f,Sarah,Taylor
Frank Morris,m,Frank,Morris
Jennifer Martinez,f,Jennifer,Martinez
Amelia Lopez,f,Amelia,Lopez
Emily Howard,f,Emily,Howard
Justin Adams,m,Justin,Adams
Harold Simmons,m,Harold,Simmons
Noah Brown,m,Noah,Brown
Aaron King,m,Aaron,King
Juan Collins,m,Juan,Collins
Akafo Jane,f,Akafo,Jane
Albert Bennett,m,Albert,Bennett
John Smith,m,John,Smith
Benjamin Rivera,m,Benjamin,Rivera
David Williams,m,David,Williams
Idris Bonsu,m,Idris,Bonsu
Nathan Butler,m,Nathan,Butler
Adeola Adewale,f,Adeola,Adewale
Katherine Foster,f,Katherine,Foster
Christine Long,f,Christine,Long
Gary Cooper,m,Gary,Cooper
Pamela Wright,f,Pamela,Wright
Jacob Sanchez,m,Jacob,Sanchez
Katelyn Flores,f,Katelyn,Flores
Levi Sanchez,m,Levi,Sanchez
Mamoudou Chukwu,m,Mamoudou,Chukwu
Shawn Taylor,m,Shawn,Taylor
Doris Clark,f,Doris,Clark
Amara Sankoh,f,Amara,Sankoh
Michael Brown,m,Michael,Brown
Henry Perry,m,Henry,Perry
Joyce Foster,f,Joyce,Foster
Kemi Adeyemi,f,Kemi,Adeyemi
Addison Coleman,f,Addison,Coleman
Paul Reed,m,Paul,Reed
Aaron Coleman,m,Aaron,Coleman
Jared Brooks,m,Jared,Brooks
Evelyn Watson,f,Evelyn,Watson
Gregory Morris,m,Gregory,Morris
Jackson Torres,m,Jackson,Torres
Daniel Miller,m,Daniel,Miller
Megan Stewart,f,Megan,Stewart
Ellie Mitchell,f,Ellie,Mitchell
Saidou Bah,f,Saidou,Bah
Linda Perez,f,Linda,Perez
Megan Garcia,f,Megan,Garcia
Oliver Hernandez,m,Oliver,Hernandez
Kenneth Torres,m,Kenneth,Torres
Logan Wright,m,Logan,Wright
Rachel Rodriguez,f,Rachel,Rodriguez
Sadie Baker,f,Sadie,Baker
Samantha Moore,f,Samantha,Moore
Dylan Murphy,m,Dylan,Murphy
Isaiah Hughes,m,Isaiah,Hughes
Andrew Carter,m,Andrew,Carter
Robert Turner,m,Robert,Turner
Jose Thompson,m,Jose,Thompson
Avery Adams,f,Avery,Adams
Erica Wood,f,Erica,Wood
Gabriel James,m,Gabriel,James
Abigail Hill,f,Abigail,Hill
Arthur Powell,m,Arthur,Powell
Tyler Bennett,m,Tyler,Bennett
Jeffrey Green,m,Jeffrey,Green
Elizabeth Gonzalez,f,Elizabeth,Gonzalez
Julia Bell,f,Julia,Bell
Nathan Mitchell,m,Nathan,Mitchell
Ethan Wilson,m,Ethan,Wilson
Josiah Adams,m,Josiah,Adams
Dylan Barnes,m,Dylan,Barnes
Evelyn Scott,f,Evelyn,Scott
Gloria Green,f,Gloria,Green
Sofia Bailey,f,Sofia,Bailey
Deborah Ross,f,Deborah,Ross
Lawrence Ward,m,Lawrence,Ward
Morgan Torres,f,Morgan,Torres
Samuel Diaz,m,Samuel,Diaz
Paul Evans,m,Paul,Evans
Ronald Cox,m,Ronald,Cox
Bryan Hughes,m,Bryan,Hughes
Isabella Miller,f,Isabella,Miller
Hannah White,f,Hannah,White
Elizabeth Hall,f,Elizabeth,Hall
Jacqueline Parker,f,Jacqueline,Parker
Nevaeh Nelson,f,Nevaeh,Nelson
Scott Ward,m,Scott,Ward
Kylie Lewis,f,Kylie,Lewis
Alice Gonzales,f,Alice,Gonzales
Angela Price,f,Angela,Price
Nabila Sow,f,Nabila,Sow
Dean Cook,m,Dean,Cook
Kelly Ramirez,f,Kelly,Ramirez
Eugene Washington,m,Eugene,Washington
Lucas Anderson,m,Lucas,Anderson
